keyword,source,seed,word_count,score
tata global internship 2025,youtube,Global internship,4,89.9
global internships in finance,bing,Global internship,4,89.9
tata global internship 2026,youtube,Global internship,4,89.9
kpmg global internship program,youtube,Global internship,4,89.8
global internship program kpmg,bing,Global internship,4,89.8
launched global internship,youtube,Global internship,3,89.8
global internships with stipend,bing,Global internship,4,89.71
global markets internship,youtube,Global internship,3,89.71
global internship opportunities,google,Global internship,3,89.71
global internships in technology,bing,Global internship,4,89.61
global internship program hennge,google,Global internship,4,89.61
global internships for graduates,bing,Global internship,4,89.61
hennge global internship,youtube,Global internship,3,89.61
global internships 2026,google,Global internship,3,89.51
global internship award,bing,Global internship,3,89.51
global internship japan,google,Global internship,3,89.51
tata global internship,youtube,Global internship,3,89.41
global internship program 2026 japan,google,Global internship,5,87.97
global internship program 2026 hennge,google,Global internship,5,87.87
hennge global internship coding challenge,youtube,Global internship,5,87.48
global internships,bing,Global internship,2,81.52
global internship program 2026,bing,Global internship,4,74.8
global internship program 2026,google,Global internship,4,74.8
global internship program japan,bing,Global internship,4,74.71
global internship program japan,google,Global internship,4,74.71
global internship,google,Global internship,2,66.43
global internship,youtube,Global internship,2,66.43
global internship program,google,Global internship,3,59.71
global internship program,bing,Global internship,3,59.71
global internship program,youtube,Global internship,3,59.71
