keyword,source,seed
global internship program,google,Global internship
global internship program 2026,google,Global internship
global internship program 2026 japan,google,Global internship
global internship program japan,google,Global internship
global internship,google,Global internship
global internship japan,google,Global internship
global internship program hennge,google,Global internship
global internships 2026,google,Global internship
global internship opportunities,google,Global internship
global internship program 2026 hennge,google,Global internship
global internship program,bing,Global internship
global internships,bing,Global internship
global internship program 2026,bing,Global internship
global internship program kpmg,bing,Global internship
global internship award,bing,Global internship
global internships in finance,bing,Global internship
global internship program japan,bing,Global internship
global internships with stipend,bing,Global internship
global internships for graduates,bing,Global internship
global internships in technology,bing,Global internship
global internship program,youtube,Global internship
global internship,youtube,Global internship
launched global internship,youtube,Global internship
tata global internship 2025,youtube,Global internship
tata global internship,youtube,Global internship
hennge global internship,youtube,Global internship
tata global internship 2026,youtube,Global internship
hennge global internship coding challenge,youtube,Global internship
global markets internship,youtube,Global internship
kpmg global internship program,youtube,Global internship
